m_list,n_list,bisecttime,ssdptime,socptime,ratio1,ratio2,iterlist,time_eig_list
100,100,4.342047524,0.106816635,0.040360125,107.5826084,2.64658831,29,0.000975518
500,500,158.303979,4.142322498,0.072069819,2196.536375,57.47652145,29,0.017782789
1000,1000,990.1511759,21.78099462,0.22464715,4407.583964,96.95646982,29,0.084537413
2000,2000,7667.927464,201.4113112,0.585595273,13094.24413,343.9428569,29,0.441906771
4000,4000,0,2142.951895,2.485229373,0,862.2752967,0,3.263520906
6000,6000,0,0,2.876217473,0,0,0,11.116862
