m_list,n_list,bisecttime,ssdptime,socptime,ratio1,ratio2,iterlist,time_eig_list
200,100,4.356002887,0.110904386,0.043009559,101.2798785,2.578598546,29,0.001450447
1000,500,167.7321623,3.996829917,0.09853803,1702.207392,40.56129329,29,0.020019809
2000,1000,988.6753261,45.98442157,0.177837224,5559.439707,258.575907,29,0.084907372
4000,2000,7877.041203,438.4866784,0.536078064,14693.83236,817.9530334,29,0.441372126
8000,4000,0,3127.31556,1.477887563,0,2116.07137,0,3.348982051
12000,6000,0,0,3.079378972,0,0,0,11.24523566
