m_list,n_list,bisecttime,ssdptime,socptime,ratio1,ratio2,iterlist,time_eig_list
50,100,4.145709518,0.104700447,0.047415018,87.43452422,2.208170575,29,0.000909737
250,500,156.0178056,4.470812143,0.077861344,2003.790298,57.42017688,29,0.020873562
500,1000,956.3430851,69.26725316,0.189481389,5047.161034,365.5623035,29,0.080367086
1000,2000,7495.735219,177.9994854,0.370770015,20216.67047,480.0805839,29,0.404994782
2000,4000,0,1485.842813,1.228776423,0,1209.205178,0,3.143990348
3000,6000,0,8769.42961,2.616412959,0,3351.699349,0,10.43643902
