m_list,n_list,bisecttime,ssdptime,socptime,ratio1,ratio2,iterlist,time_eig_list
100,100,4.885380622,0.126664294,0.024424801,200.0172098,5.185888375,29,0.001205051
500,500,173.1180941,4.408411194,0.045579215,3798.180649,96.71976908,29,0.01908208
1000,1000,1130.008114,47.3208012,0.17272357,6542.292478,273.968406,29,0.082912949
2000,2000,8547.944001,334.8143372,0.476083485,17954.7165,703.2681195,29,0.459867776
4000,4000,0,2547.903379,1.587996979,0,1604.476213,0,3.318615035
6000,6000,0,0,2.696681607,0,0,0,10.87983403
