m_list,n_list,bisecttime,ssdptime,socptime,ratio1,ratio2,iterlist,time_eig_list
50,100,4.571359991,0.13126383,0.037892639,120.6397897,3.464098397,29,0.000889676
250,500,167.7871202,8.959693993,0.118886743,1411.319004,75.36327213,29,0.019816401
500,1000,1039.244258,37.30880807,0.134925171,7702.374978,276.5148111,29,0.073332254
1000,2000,8397.725425,296.6717917,0.523143005,16052.44711,567.0950171,29,0.37791075
2000,4000,0,1652.523073,1.518231826,0,1088.452398,0,3.120744473
3000,6000,0,10026.49013,2.549720851,0,3932.387394,0,10.34026491
