m_list,n_list,bisecttime,ssdptime,socptime,ratio1,ratio2,iterlist,time_eig_list
200,100,4.856029712,0.147573312,0.04155258,116.8646974,3.551483715,29,0.001450914
1000,500,175.0104932,3.853512774,0.111829985,1564.969304,34.45867212,29,0.019933501
2000,1000,1166.041139,63.06508211,0.154266642,7558.608395,408.8056958,29,0.084367129
4000,2000,9268.016133,183.2948686,0.555536635,16682.99721,329.9420002,29,0.45476905
8000,4000,0,2372.12234,1.420242904,0,1670.222982,0,3.329791736
12000,6000,0,0,2.783299751,0,0,0,10.94322262
